Model,MSE,MAE,R2,Silhouette Score
Regresión Lineal,96.26195083382682,6.955307262569789,0.9968970001522047,0.0
Árbol de Decisión,1366.6666666666667,36.666666666666664,0.955945558739255,0.0
KMeans,0.0,0.0,0.0,0.5962962962962963
PCA,0.0,0.0,0.0,0.5962962962962963
