Model,MSE,MAE,R2,Silhouette Score
Regresión Lineal,0.004764013763521748,0.0489300314396394,0.9968970001522047,0.0
Árbol de Decisión,0.06763647270545893,0.2579470733725578,0.955945558739255,0.0
KMeans,0.0,0.0,0.0,0.5962962962962963
PCA,0.0,0.0,0.0,0.5962962962962963
